社員番号,資格名,取得年月日,(所属コード),(所属名4),(所属名5),(性別),(年齢),(勤続年数),(生年月日),(入社日),(退職日),(メール),(最終更新ユーザー),(最終更新日時)
995276,情報処理技術者試験：基本情報技術者試験,1985/12/1,8312,SS7部,SS7-2G,男性,63,41年0ヵ月,1962/11/4,1985/4/1,,,,2025/3/28 7:25
995276,情報処理技術者試験：応用情報技術者試験,2009/6/1,8312,SS7部,SS7-2G,男性,63,41年0ヵ月,1962/11/4,1985/4/1,,,,2025/3/28 7:25
995276,銀行業務検定：証券３級,2000/1/1,8312,SS7部,SS7-2G,男性,63,41年0ヵ月,1962/11/4,1985/4/1,,,,2025/3/28 7:25
995276,FP2級：個人資産相談業務,2010/6/1,8312,SS7部,SS7-2G,男性,63,41年0ヵ月,1962/11/4,1985/4/1,,,,2025/3/28 7:25
995276,FP2級：生保顧客資産相談業務,2009/3/1,8312,SS7部,SS7-2G,男性,63,41年0ヵ月,1962/11/4,1985/4/1,,,,2025/3/28 7:25
995276,FP2級：損保顧客資産相談業務,2010/10/1,8312,SS7部,SS7-2G,男性,63,41年0ヵ月,1962/11/4,1985/4/1,,,,2025/3/28 7:25
995276,FP2級：中小事業主資産相談業務,2011/10/1,8312,SS7部,SS7-2G,男性,63,41年0ヵ月,1962/11/4,1985/4/1,,,,2025/3/28 7:25
995276,FP3級：個人資産相談業務,2008/3/1,8312,SS7部,SS7-2G,男性,63,41年0ヵ月,1962/11/4,1985/4/1,,,,2025/3/28 7:25
995276,FP3級：保険顧客資産相談業務,2007/10/1,8312,SS7部,SS7-2G,男性,63,41年0ヵ月,1962/11/4,1985/4/1,,,,2025/3/28 7:25
995481,情報処理技術者試験：基本情報技術者試験,1999/6/1,8312,SS7部,SS7-2G,男性,58,35年0ヵ月,1967/7/11,1991/4/1,,,,2025/3/31 7:29
995481,銀行業務検定：金融経済３級,2002/1/1,8312,SS7部,SS7-2G,男性,58,35年0ヵ月,1967/7/11,1991/4/1,,,,2025/3/31 7:29
995481,銀行業務検定：証券３級,2001/1/1,8312,SS7部,SS7-2G,男性,58,35年0ヵ月,1967/7/11,1991/4/1,,,,2025/3/31 7:29
995481,銀行業務検定：信託実務３級,2004/1/1,8312,SS7部,SS7-2G,男性,58,35年0ヵ月,1967/7/11,1991/4/1,,,,2025/3/31 7:29
995481,銀行業務検定：投資信託３級,2004/3/1,8312,SS7部,SS7-2G,男性,58,35年0ヵ月,1967/7/11,1991/4/1,,,,2025/3/31 7:29
995481,銀行業務検定：年金アドバイザー３級,2002/1/1,8312,SS7部,SS7-2G,男性,58,35年0ヵ月,1967/7/11,1991/4/1,,,,2025/3/31 7:29
995481,銀行業務検定：確定拠出３級,2003/1/1,8312,SS7部,SS7-2G,男性,58,35年0ヵ月,1967/7/11,1991/4/1,,,,2025/3/31 7:29
995481,FP2級：個人資産相談業務,2012/6/1,8312,SS7部,SS7-2G,男性,58,35年0ヵ月,1967/7/11,1991/4/1,,,,2025/3/31 7:29
995481,FP3級：個人資産相談業務,2007/7/1,8312,SS7部,SS7-2G,男性,58,35年0ヵ月,1967/7/11,1991/4/1,,,,2025/3/31 7:29
995481,FP3級：保険顧客資産相談業務,2008/7/1,8312,SS7部,SS7-2G,男性,58,35年0ヵ月,1967/7/11,1991/4/1,,,,2025/3/31 7:29
995516,情報処理技術者試験：基本情報技術者試験,1989/12/1,8312,SS7部,SS7-2G,男性,55,35年0ヵ月,1971/1/11,1991/4/1,,,,2025/3/28 7:25
995516,銀行業務検定：投資信託３級,2006/1/1,8312,SS7部,SS7-2G,男性,55,35年0ヵ月,1971/1/11,1991/4/1,,,,2025/3/28 7:25
995516,銀行業務検定：保険販売３級,2008/11/1,8312,SS7部,SS7-2G,男性,55,35年0ヵ月,1971/1/11,1991/4/1,,,,2025/3/28 7:25
995516,FP3級：保険顧客資産相談業務,2008/3/1,8312,SS7部,SS7-2G,男性,55,35年0ヵ月,1971/1/11,1991/4/1,,,,2025/3/28 7:25
995586,情報処理技術者試験：基本情報技術者試験,1995/12/1,8312,SS7部,SS7-2G,男性,58,33年0ヵ月,1967/7/15,1993/4/1,,,,2025/4/1 8:33
995586,Oracle DB Silver,2000/11/1,8312,SS7部,SS7-2G,男性,58,33年0ヵ月,1967/7/15,1993/4/1,,,,2025/4/1 8:33
995673,情報処理技術者試験：基本情報技術者試験,2001/11/1,8311,SS7部,SS7-1G,女性,50,28年0ヵ月,1975/11/15,1998/4/1,,,,2026/1/14 10:01
995673,情報処理技術者試験：応用情報技術者試験,2017/6/21,8311,SS7部,SS7-1G,女性,50,28年0ヵ月,1975/11/15,1998/4/1,,,,2026/1/14 10:01
995673,銀行業務検定：証券３級,2002/1/1,8311,SS7部,SS7-1G,女性,50,28年0ヵ月,1975/11/15,1998/4/1,,,,2026/1/14 10:01
995673,銀行業務検定：証券４級,2002/1/1,8311,SS7部,SS7-1G,女性,50,28年0ヵ月,1975/11/15,1998/4/1,,,,2026/1/14 10:01
995673,FP2級：生保顧客資産相談業務,2011/6/1,8311,SS7部,SS7-1G,女性,50,28年0ヵ月,1975/11/15,1998/4/1,,,,2026/1/14 10:01
995673,FP3級：保険顧客資産相談業務,2008/3/1,8311,SS7部,SS7-1G,女性,50,28年0ヵ月,1975/11/15,1998/4/1,,,,2026/1/14 10:01
995673,銀行業務検定：保険販売３級,2025/11/28,8311,SS7部,SS7-1G,女性,50,28年0ヵ月,1975/11/15,1998/4/1,,,,2026/1/14 10:01
995713,情報処理技術者試験：基本情報技術者試験,2000/11/1,8311,SS7部,SS7-1G,男性,50,26年0ヵ月,1975/7/6,2000/4/1,,,,2026/2/12 13:16
995713,情報処理技術者試験：応用情報技術者試験,2013/12/1,8311,SS7部,SS7-1G,男性,50,26年0ヵ月,1975/7/6,2000/4/1,,,,2026/2/12 13:16
995713,情報処理技術者試験：データベーススペシャリスト試験,2021/12/17,8311,SS7部,SS7-1G,男性,50,26年0ヵ月,1975/7/6,2000/4/1,,,,2026/2/12 13:16
995713,情報処理技術者試験：情報処理安全確保支援士試験,2019/12/20,8311,SS7部,SS7-1G,男性,50,26年0ヵ月,1975/7/6,2000/4/1,,,,2026/2/12 13:16
995713,AWS クラウドプラクティショナー,2024/12/28,8311,SS7部,SS7-1G,男性,50,26年0ヵ月,1975/7/6,2000/4/1,,,,2026/2/12 13:16
995713,銀行業務検定：年金アドバイザー３級,2024/2/11,8311,SS7部,SS7-1G,男性,50,26年0ヵ月,1975/7/6,2000/4/1,,,,2026/2/12 13:16
995713,FP2級：生保顧客資産相談業務,2011/3/1,8311,SS7部,SS7-1G,男性,50,26年0ヵ月,1975/7/6,2000/4/1,,,,2026/2/12 13:16
995713,FP3級：保険顧客資産相談業務,2010/3/1,8311,SS7部,SS7-1G,男性,50,26年0ヵ月,1975/7/6,2000/4/1,,,,2026/2/12 13:16
995713,Oracle DB Silver (10g),2008/8/1,8311,SS7部,SS7-1G,男性,50,26年0ヵ月,1975/7/6,2000/4/1,,,,2026/2/12 13:16
995713,Oracle DB Bronze (10g),2008/6/1,8311,SS7部,SS7-1G,男性,50,26年0ヵ月,1975/7/6,2000/4/1,,,,2026/2/12 13:16
995713,Oracle認定：Javaプログラマ Gold：SE8,2020/2/1,8311,SS7部,SS7-1G,男性,50,26年0ヵ月,1975/7/6,2000/4/1,,,,2026/2/12 13:16
995713,Oracle認定Javaプログラマ (1.4),2004/12/1,8311,SS7部,SS7-1G,男性,50,26年0ヵ月,1975/7/6,2000/4/1,,,,2026/2/12 13:16
995713,HTML5プロフェッショナル認定試験レベル1,2026/1/24,8311,SS7部,SS7-1G,男性,50,26年0ヵ月,1975/7/6,2000/4/1,,,,2026/2/12 13:16
995726,情報処理技術者試験：基本情報技術者試験,2001/5/1,8310,SS7部,,男性,48,26年0ヵ月,1977/8/30,2000/4/1,,,,2025/3/28 17:55
995726,情報処理技術者試験：応用情報技術者試験,2012/12/1,8310,SS7部,,男性,48,26年0ヵ月,1977/8/30,2000/4/1,,,,2025/3/28 17:55
995726,銀行業務検定：証券４級,2002/1/1,8310,SS7部,,男性,48,26年0ヵ月,1977/8/30,2000/4/1,,,,2025/3/28 17:55
995726,FP3級：保険顧客資産相談業務,2007/7/1,8310,SS7部,,男性,48,26年0ヵ月,1977/8/30,2000/4/1,,,,2025/3/28 17:55
995726,G検定（ジェネラリスト検定）,2025/1/11,8310,SS7部,,男性,48,26年0ヵ月,1977/8/30,2000/4/1,,,,2025/3/28 17:55
995726,Salesforce認定アドミニストレーター,2024/1/31,8310,SS7部,,男性,48,26年0ヵ月,1977/8/30,2000/4/1,,,,2025/3/28 17:55
995808,情報処理技術者試験：基本情報技術者試験,2007/5/1,8311,SS7部,SS7-1G,女性,44,22年0ヵ月,1981/11/28,2004/4/1,,,,2025/6/5 16:12
995808,銀行業務検定：保険販売３級,2019/11/26,8311,SS7部,SS7-1G,女性,44,22年0ヵ月,1981/11/28,2004/4/1,,,,2025/6/5 16:12
995808,FP3級：保険顧客資産相談業務,2007/10/1,8311,SS7部,SS7-1G,女性,44,22年0ヵ月,1981/11/28,2004/4/1,,,,2025/6/5 16:12
995808,AWS クラウドプラクティショナー,2025/5/31,8311,SS7部,SS7-1G,女性,44,22年0ヵ月,1981/11/28,2004/4/1,,,,2025/6/5 16:12
995815,情報処理技術者試験：基本情報技術者試験,2001/11/1,8311,SS7部,SS7-1G,女性,43,22年0ヵ月,1982/12/8,2004/4/1,,,,2025/3/28 7:25
995815,情報処理技術者試験：応用情報技術者試験,2005/12/1,8311,SS7部,SS7-1G,女性,43,22年0ヵ月,1982/12/8,2004/4/1,,,,2025/3/28 7:25
995815,FP3級：保険顧客資産相談業務,2008/10/1,8311,SS7部,SS7-1G,女性,43,22年0ヵ月,1982/12/8,2004/4/1,,,,2025/3/28 7:25
996047,情報処理技術者試験：基本情報技術者試験,1999/6/1,8311,SS7部,SS7-1G,男性,52,27年9ヵ月,1973/12/15,1998/7/1,,,,2025/4/1 9:15
996047,FP3級：個人資産相談業務,2010/3/1,8311,SS7部,SS7-1G,男性,52,27年9ヵ月,1973/12/15,1998/7/1,,,,2025/4/1 9:15
996047,Python 3 エンジニア認定基礎試験,2024/10/17,8311,SS7部,SS7-1G,男性,52,27年9ヵ月,1973/12/15,1998/7/1,,,,2025/4/1 9:15
996047,Oracle DB Bronze,2006/8/1,8311,SS7部,SS7-1G,男性,52,27年9ヵ月,1973/12/15,1998/7/1,,,,2025/4/1 9:15
996205,情報処理技術者試験：基本情報技術者試験,2007/5/1,8311,SS7部,SS7-1G,男性,44,20年3ヵ月,1981/5/3,2006/1/1,,,,2025/3/28 7:25
996205,FP3級：保険顧客資産相談業務,2010/10/1,8311,SS7部,SS7-1G,男性,44,20年3ヵ月,1981/5/3,2006/1/1,,,,2025/3/28 7:25
996331,情報処理技術者試験：基本情報技術者試験,2009/5/1,8311,SS7部,SS7-1G,女性,39,17年0ヵ月,1987/1/23,2009/4/1,,,,2026/1/26 17:03
996331,情報処理技術者試験：応用情報技術者試験,2009/12/1,8311,SS7部,SS7-1G,女性,39,17年0ヵ月,1987/1/23,2009/4/1,,,,2026/1/26 17:03
996331,情報処理技術者試験：情報処理安全確保支援士試験,2012/12/1,8311,SS7部,SS7-1G,女性,39,17年0ヵ月,1987/1/23,2009/4/1,,,,2026/1/26 17:03
996331,AWS クラウドプラクティショナー,2022/1/24,8311,SS7部,SS7-1G,女性,39,17年0ヵ月,1987/1/23,2009/4/1,,,,2026/1/26 17:03
996331,FP2級：生保顧客資産相談業務,2014/6/1,8311,SS7部,SS7-1G,女性,39,17年0ヵ月,1987/1/23,2009/4/1,,,,2026/1/26 17:03
996331,FP3級：保険顧客資産相談業務,2012/2/1,8311,SS7部,SS7-1G,女性,39,17年0ヵ月,1987/1/23,2009/4/1,,,,2026/1/26 17:03
996331,Oracle DB Bronze (12c),2017/10/9,8311,SS7部,SS7-1G,女性,39,17年0ヵ月,1987/1/23,2009/4/1,,,,2026/1/26 17:03
996331,３級ウェブデザイン技能士,2025/12/25,8311,SS7部,SS7-1G,女性,39,17年0ヵ月,1987/1/23,2009/4/1,,,,2026/1/26 17:03
996362,FP3級：保険顧客資産相談業務,2012/6/1,8312,SS7部,SS7-2G,女性,39,16年0ヵ月,1987/4/4,2010/4/1,,,,2025/3/28 7:25
996363,情報処理技術者試験：基本情報技術者試験,2010/11/1,8312,SS7部,SS7-2G,女性,39,16年0ヵ月,1987/4/12,2010/4/1,,,,2025/3/28 7:25
996363,情報処理技術者試験：応用情報技術者試験,2012/12/1,8312,SS7部,SS7-2G,女性,39,16年0ヵ月,1987/4/12,2010/4/1,,,,2025/3/28 7:25
996363,FP3級：個人資産相談業務,2012/10/1,8312,SS7部,SS7-2G,女性,39,16年0ヵ月,1987/4/12,2010/4/1,,,,2025/3/28 7:25
996363,FP3級：保険顧客資産相談業務,2012/2/1,8312,SS7部,SS7-2G,女性,39,16年0ヵ月,1987/4/12,2010/4/1,,,,2025/3/28 7:25
996380,情報処理技術者試験：基本情報技術者試験,2009/11/1,8312,SS7部,SS7-2G,女性,38,16年0ヵ月,1988/2/6,2010/4/1,,,,2025/4/1 9:58
996380,情報処理技術者試験：応用情報技術者試験,2010/6/1,8312,SS7部,SS7-2G,女性,38,16年0ヵ月,1988/2/6,2010/4/1,,,,2025/4/1 9:58
996380,情報処理技術者試験：データベーススペシャリスト試験,2011/8/1,8312,SS7部,SS7-2G,女性,38,16年0ヵ月,1988/2/6,2010/4/1,,,,2025/4/1 9:58
996380,FP2級：個人資産相談業務,2017/7/4,8312,SS7部,SS7-2G,女性,38,16年0ヵ月,1988/2/6,2010/4/1,,,,2025/4/1 9:58
996380,FP2級：生保顧客資産相談業務,2016/6/29,8312,SS7部,SS7-2G,女性,38,16年0ヵ月,1988/2/6,2010/4/1,,,,2025/4/1 9:58
996380,FP3級：個人資産相談業務,2011/6/1,8312,SS7部,SS7-2G,女性,38,16年0ヵ月,1988/2/6,2010/4/1,,,,2025/4/1 9:58
996380,FP3級：保険顧客資産相談業務,2011/3/1,8312,SS7部,SS7-2G,女性,38,16年0ヵ月,1988/2/6,2010/4/1,,,,2025/4/1 9:58
996380,Oracle認定Javaプログラマ (6.0),2011/4/1,8312,SS7部,SS7-2G,女性,38,16年0ヵ月,1988/2/6,2010/4/1,,,,2025/4/1 9:58
996395,情報処理技術者試験：基本情報技術者試験,2008/11/1,8311,SS7部,SS7-1G,男性,38,15年0ヵ月,1988/4/21,2011/4/1,,,,2025/4/1 9:44
996395,情報処理技術者試験：応用情報技術者試験,2016/12/16,8311,SS7部,SS7-1G,男性,38,15年0ヵ月,1988/4/21,2011/4/1,,,,2025/4/1 9:44
996395,FP3級：個人資産相談業務,2017/10/20,8311,SS7部,SS7-1G,男性,38,15年0ヵ月,1988/4/21,2011/4/1,,,,2025/4/1 9:44
996395,Salesforce認定アドミニストレーター,2023/7/26,8311,SS7部,SS7-1G,男性,38,15年0ヵ月,1988/4/21,2011/4/1,,,,2025/4/1 9:44
996395,Oracle認定：Javaプログラマ Silver：SE7,2015/5/31,8311,SS7部,SS7-1G,男性,38,15年0ヵ月,1988/4/21,2011/4/1,,,,2025/4/1 9:44
996441,情報処理技術者試験：基本情報技術者試験,2022/12/27,8312,SS7部,SS7-2G,男性,54,22年4ヵ月,1971/5/26,2003/12/1,,,,2025/3/25 8:40
996455,情報処理技術者試験：基本情報技術者試験,2005/11/1,8311,SS7部,SS7-1G,男性,46,20年0ヵ月,1979/8/22,2006/4/1,,,,2025/3/25 8:40
996496,情報処理技術者試験：基本情報技術者試験,2012/5/1,8311,SS7部,SS7-1G,女性,36,14年0ヵ月,1989/12/4,2012/4/1,,,,2025/3/28 7:25
996496,情報処理技術者試験：応用情報技術者試験,2012/12/1,8311,SS7部,SS7-1G,女性,36,14年0ヵ月,1989/12/4,2012/4/1,,,,2025/3/28 7:25
996496,FP3級：個人資産相談業務,2013/7/1,8311,SS7部,SS7-1G,女性,36,14年0ヵ月,1989/12/4,2012/4/1,,,,2025/3/28 7:25
996496,FP3級：保険顧客資産相談業務,2013/3/1,8311,SS7部,SS7-1G,女性,36,14年0ヵ月,1989/12/4,2012/4/1,,,,2025/3/28 7:25
996549,情報処理技術者試験：基本情報技術者試験,2012/5/1,8311,SS7部,SS7-1G,男性,34,12年0ヵ月,1991/10/1,2014/4/1,,,,2025/4/1 9:44
996549,情報処理技術者試験：応用情報技術者試験,2016/12/16,8311,SS7部,SS7-1G,男性,34,12年0ヵ月,1991/10/1,2014/4/1,,,,2025/4/1 9:44
996549,情報処理技術者試験：ITパスポート試験,2010/11/1,8311,SS7部,SS7-1G,男性,34,12年0ヵ月,1991/10/1,2014/4/1,,,,2025/4/1 9:44
996549,FP3級：保険顧客資産相談業務,2016/10/24,8311,SS7部,SS7-1G,男性,34,12年0ヵ月,1991/10/1,2014/4/1,,,,2025/4/1 9:44
996549,Linux系 レベル１,2011/7/1,8311,SS7部,SS7-1G,男性,34,12年0ヵ月,1991/10/1,2014/4/1,,,,2025/4/1 9:44
996549,Oracle認定：Javaプログラマ Silver：SE11,2021/2/15,8311,SS7部,SS7-1G,男性,34,12年0ヵ月,1991/10/1,2014/4/1,,,,2025/4/1 9:44
996573,情報処理技術者試験：基本情報技術者試験,2015/5/18,8311,SS7部,SS7-1G,男性,34,11年0ヵ月,1992/2/26,2015/4/1,,,,2025/3/25 8:40
996625,情報処理技術者試験：基本情報技術者試験,2017/11/15,8312,SS7部,SS7-2G,男性,34,9年0ヵ月,1991/8/26,2017/4/1,,,,2025/4/1 9:44
996625,FP3級：保険顧客資産相談業務,2022/3/4,8312,SS7部,SS7-2G,男性,34,9年0ヵ月,1991/8/26,2017/4/1,,,,2025/4/1 9:44
996625,Oracle認定：Javaプログラマ Silver：SE11,2023/10/28,8312,SS7部,SS7-2G,男性,34,9年0ヵ月,1991/8/26,2017/4/1,,,,2025/4/1 9:44
996634,情報処理技術者試験：基本情報技術者試験,2017/5/17,8311,SS7部,SS7-1G,男性,32,9年0ヵ月,1994/2/7,2017/4/1,,,,2025/3/25 8:40
996642,情報処理技術者試験：基本情報技術者試験,2016/5/16,8311,SS7部,SS7-1G,男性,31,9年0ヵ月,1994/7/9,2017/4/1,,,,2025/4/1 9:44
996642,情報処理技術者試験：応用情報技術者試験,2017/6/21,8311,SS7部,SS7-1G,男性,31,9年0ヵ月,1994/7/9,2017/4/1,,,,2025/4/1 9:44
996642,Oracle認定：Javaプログラマ Silver：SE8,2021/6/13,8311,SS7部,SS7-1G,男性,31,9年0ヵ月,1994/7/9,2017/4/1,,,,2025/4/1 9:44
996648,情報処理技術者試験：基本情報技術者試験,2017/11/15,8312,SS7部,SS7-2G,男性,31,9年0ヵ月,1994/9/27,2017/4/1,,,,2026/2/2 8:08
996648,Oracle認定：Javaプログラマ Silver：SE11,2022/8/6,8312,SS7部,SS7-2G,男性,31,9年0ヵ月,1994/9/27,2017/4/1,,,,2026/2/2 8:08
996648,Oracle認定：Javaプログラマ Bronze,2022/4/2,8312,SS7部,SS7-2G,男性,31,9年0ヵ月,1994/9/27,2017/4/1,,,,2026/2/2 8:08
996648,FP3級：資産設計提案業務,2026/1/19,8312,SS7部,SS7-2G,男性,31,9年0ヵ月,1994/9/27,2017/4/1,,,,2026/2/2 8:08
996683,情報処理技術者試験：基本情報技術者試験,2018/11/21,8312,SS7部,SS7-2G,女性,31,8年0ヵ月,1995/4/21,2018/4/1,,,,2025/4/1 9:44
996683,AWS クラウドプラクティショナー,2025/2/7,8312,SS7部,SS7-2G,女性,31,8年0ヵ月,1995/4/21,2018/4/1,,,,2025/4/1 9:44
996683,銀行業務検定：保険販売３級,2022/11/30,8312,SS7部,SS7-2G,女性,31,8年0ヵ月,1995/4/21,2018/4/1,,,,2025/4/1 9:44
996683,Oracle認定：Javaプログラマ Silver：SE8,2018/9/14,8312,SS7部,SS7-2G,女性,31,8年0ヵ月,1995/4/21,2018/4/1,,,,2025/4/1 9:44
996722,情報処理技術者試験：基本情報技術者試験,2019/5/22,8311,SS7部,SS7-1G,男性,31,7年0ヵ月,1994/9/29,2019/4/1,,,,2025/4/1 9:44
996722,情報処理技術者試験：応用情報技術者試験,2019/12/20,8311,SS7部,SS7-1G,男性,31,7年0ヵ月,1994/9/29,2019/4/1,,,,2025/4/1 9:44
996722,統計検定2級,2019/10/5,8311,SS7部,SS7-1G,男性,31,7年0ヵ月,1994/9/29,2019/4/1,,,,2025/4/1 9:44
996722,Oracle認定：Javaプログラマ Silver：SE8,2019/6/21,8311,SS7部,SS7-1G,男性,31,7年0ヵ月,1994/9/29,2019/4/1,,,,2025/4/1 9:44
996724,情報処理技術者試験：基本情報技術者試験,2021/4/27,8311,SS7部,SS7-1G,男性,31,7年0ヵ月,1995/4/5,2019/4/1,,,,2026/1/15 16:44
996724,Oracle認定：Javaプログラマ Gold：SE8,2020/6/19,8311,SS7部,SS7-1G,男性,31,7年0ヵ月,1995/4/5,2019/4/1,,,,2026/1/15 16:44
996724,Oracle認定：Javaプログラマ Silver：SE8,2019/6/21,8311,SS7部,SS7-1G,男性,31,7年0ヵ月,1995/4/5,2019/4/1,,,,2026/1/15 16:44
996724,AWS クラウドプラクティショナー,2025/12/22,8311,SS7部,SS7-1G,男性,31,7年0ヵ月,1995/4/5,2019/4/1,,,,2026/1/15 16:44
996747,情報処理技術者試験：基本情報技術者試験,2019/11/20,8311,SS7部,SS7-1G,女性,29,7年0ヵ月,1996/10/26,2019/4/1,,,,2025/3/28 7:25
996747,FP3級：保険顧客資産相談業務,2020/10/23,8311,SS7部,SS7-1G,女性,29,7年0ヵ月,1996/10/26,2019/4/1,,,,2025/3/28 7:25
996834,情報処理技術者試験：基本情報技術者試験,2021/7/29,8312,SS7部,SS7-2G,男性,27,5年0ヵ月,1998/11/25,2021/4/1,,,,2025/4/1 9:44
996834,情報処理技術者試験：応用情報技術者試験,2021/12/17,8312,SS7部,SS7-2G,男性,27,5年0ヵ月,1998/11/25,2021/4/1,,,,2025/4/1 9:44
996834,AWS クラウドプラクティショナー,2022/9/11,8312,SS7部,SS7-2G,男性,27,5年0ヵ月,1998/11/25,2021/4/1,,,,2025/4/1 9:44
996834,Oracle認定：Javaプログラマ Gold：SE11,2022/3/6,8312,SS7部,SS7-2G,男性,27,5年0ヵ月,1998/11/25,2021/4/1,,,,2025/4/1 9:44
996834,Oracle認定：Javaプログラマ Silver：SE8,2021/5/26,8312,SS7部,SS7-2G,男性,27,5年0ヵ月,1998/11/25,2021/4/1,,,,2025/4/1 9:44
996870,情報処理技術者試験：基本情報技術者試験,2022/12/27,8312,SS7部,SS7-2G,男性,27,4年0ヵ月,1999/4/16,2022/4/1,,,,2025/4/1 9:44
996870,Oracle認定：Javaプログラマ Silver：SE8,2022/6/13,8312,SS7部,SS7-2G,男性,27,4年0ヵ月,1999/4/16,2022/4/1,,,,2025/4/1 9:44
996875,情報処理技術者試験：基本情報技術者試験,2022/6/27,8311,SS7部,SS7-1G,男性,26,4年0ヵ月,1999/6/2,2022/4/1,,,,2025/4/1 9:44
996875,Python 3 エンジニア認定基礎試験,2023/2/11,8311,SS7部,SS7-1G,男性,26,4年0ヵ月,1999/6/2,2022/4/1,,,,2025/4/1 9:44
996875,Python 3 エンジニア認定データ分析試験,2023/3/21,8311,SS7部,SS7-1G,男性,26,4年0ヵ月,1999/6/2,2022/4/1,,,,2025/4/1 9:44
996875,Oracle認定：Javaプログラマ Silver：SE8,2022/6/13,8311,SS7部,SS7-1G,男性,26,4年0ヵ月,1999/6/2,2022/4/1,,,,2025/4/1 9:44
996884,情報処理技術者試験：基本情報技術者試験,2022/11/29,8312,SS7部,SS7-2G,男性,26,4年0ヵ月,1999/12/8,2022/4/1,,,,2025/6/5 16:50
996884,情報処理技術者試験：応用情報技術者試験,2023/12/21,8312,SS7部,SS7-2G,男性,26,4年0ヵ月,1999/12/8,2022/4/1,,,,2025/6/5 16:50
996884,FP3級：個人資産相談業務,2024/7/21,8312,SS7部,SS7-2G,男性,26,4年0ヵ月,1999/12/8,2022/4/1,,,,2025/6/5 16:50
996884,Python 3 エンジニア認定データ分析試験,2024/6/30,8312,SS7部,SS7-2G,男性,26,4年0ヵ月,1999/12/8,2022/4/1,,,,2025/6/5 16:50
996884,Oracle：Silver DBA 2019,2024/4/7,8312,SS7部,SS7-2G,男性,26,4年0ヵ月,1999/12/8,2022/4/1,,,,2025/6/5 16:50
996884,Oracle認定：Javaプログラマ Gold：SE11,2023/8/15,8312,SS7部,SS7-2G,男性,26,4年0ヵ月,1999/12/8,2022/4/1,,,,2025/6/5 16:50
996884,Oracle認定：Javaプログラマ Silver：SE8,2022/6/13,8312,SS7部,SS7-2G,男性,26,4年0ヵ月,1999/12/8,2022/4/1,,,,2025/6/5 16:50
996884,AWS ソリューションアーキテクト - アソシエイト,2025/5/25,8312,SS7部,SS7-2G,男性,26,4年0ヵ月,1999/12/8,2022/4/1,,,,2025/6/5 16:50
996897,情報処理技術者試験：基本情報技術者試験,2022/12/27,8311,SS7部,SS7-1G,女性,26,4年0ヵ月,2000/3/25,2022/4/1,,,,2026/1/13 13:15
996897,簿記検定3級,2022/3/23,8311,SS7部,SS7-1G,女性,26,4年0ヵ月,2000/3/25,2022/4/1,,,,2026/1/13 13:15
996897,Oracle認定：Javaプログラマ Silver：SE8,2022/6/13,8311,SS7部,SS7-1G,女性,26,4年0ヵ月,2000/3/25,2022/4/1,,,,2026/1/13 13:15
996897,AWS クラウドプラクティショナー,2025/12/20,8311,SS7部,SS7-1G,女性,26,4年0ヵ月,2000/3/25,2022/4/1,,,,2026/1/13 13:15
996934,情報処理技術者試験：基本情報技術者試験,2024/3/14,8311,SS7部,SS7-1G,男性,25,3年0ヵ月,2000/5/10,2023/4/1,,,,2025/4/1 9:44
996934,Oracle認定：Javaプログラマ Silver：SE11,2023/6/15,8311,SS7部,SS7-1G,男性,25,3年0ヵ月,2000/5/10,2023/4/1,,,,2025/4/1 9:44
996935,Oracle認定：Javaプログラマ Silver：SE11,2023/6/15,8312,SS7部,SS7-2G,男性,25,3年0ヵ月,2000/5/12,2023/4/1,,,,2025/12/19 13:32
996935,情報処理技術者試験:基本情報技術者,2025/11/20,8312,SS7部,SS7-2G,男性,25,3年0ヵ月,2000/5/12,2023/4/1,,,,2025/12/19 13:32
996955,情報処理技術者試験：基本情報技術者試験,2023/9/14,8311,SS7部,SS7-1G,男性,25,3年0ヵ月,2000/9/27,2023/4/1,,,,2025/4/1 9:44
996955,FP3級：個人資産相談業務,2024/10/15,8311,SS7部,SS7-1G,男性,25,3年0ヵ月,2000/9/27,2023/4/1,,,,2025/4/1 9:44
996955,Oracle認定：Javaプログラマ Silver：SE11,2023/6/15,8311,SS7部,SS7-1G,男性,25,3年0ヵ月,2000/9/27,2023/4/1,,,,2025/4/1 9:44
997029,Oracle認定：Javaプログラマ Silver：SE11,2024/6/17,8312,SS7部,SS7-2G,女性,24,2年0ヵ月,2001/11/9,2024/4/1,,,,2025/4/1 9:44

 